id,N,shots,created,validation_s,compile_s,queue_s,execution_s,postproc_s,billing_window_s,init_teardown_s,credit_cost
019de811-71de-7302-88b7-2172cc809f86,1,1000,2026-05-02T09:42:30.627876Z,0.001627,0.741114,4.719604,3.564712,0.007934,4.305826,0.7411139999999996,3.75
019de811-b22f-7042-a990-8958e50e2aea,5,500,2026-05-02T09:42:47.092881Z,0.001018,0.787076,5.087531,1.231711,0.008642,2.018787,0.7870760000000001,2.25
019de844-cebd-75e2-ae86-03238f600e5b,1,1000,2026-05-02T10:38:36.738196Z,0.001643,0.756171,3.386773,3.553925,0.008391,4.310096,0.7561709999999997,3.75
019de84f-8c4c-7f62-85b3-f38d204c9710,1,1000,2026-05-02T10:50:20.625978Z,0.00149,0.772654,3.767152,1.361543,0.01023,2.134197,0.772654,2.25
019de859-f8fa-7d42-bac6-22da67bf7745,1,1000,2026-05-02T11:01:43.808975Z,0.001318,0.780635,4.081379,0.62214,0.007082,1.402775,0.7806350000000001,1.5
019de932-604c-7d80-a8fa-f873900d3219,1,1000,2026-05-02T14:58:06.035981Z,0.001118,0.782294,3.91328,3.543889,0.007923,4.326183,0.7822940000000003,3.75
019de932-91d3-7c31-ba0f-f8046ac866ec,20,500,2026-05-02T14:58:18.725077Z,0.057367,1.872414,3.986199,4.538068,0.023734,6.410482,1.872414,5.25
019de932-ca24-7aa3-b001-0a0d0bc1bdff,50,500,2026-05-02T14:58:33.171809Z,0.146432,1.348283,4.996916,10.640368,0.056534,11.988651,1.3482830000000003,9.0
019de961-e911-7d31-8c5f-257070b0e988,1,1000,2026-05-02T15:50:01.239996Z,0.000944,1.573691,3.342987,3.500157,0.006844,5.073848,1.5736909999999997,4.5
019de962-1a13-7dd1-ba75-cca180ff5454,20,500,2026-05-02T15:50:13.797550Z,0.078646,1.936566,3.93677,4.635243,0.022283,6.571809,1.936566,5.25
019de962-5536-7c33-ad71-8dd12a2c0e96,50,500,2026-05-02T15:50:28.950306Z,0.143847,1.356508,5.026128,10.610046,0.077922,11.966554,1.3565079999999998,9.0
019de981-eb38-73c3-99d6-8a68b910c18c,1,1000,2026-05-02T16:24:58.943323Z,0.001281,0.765647,4.341327,0.623041,0.007277,1.388688,0.765647,1.5
019de984-5b2d-71f3-815a-edacedfaf8bf,273,500,2026-05-02T16:27:38.818576Z,1.38049,6.577535,4.941728,56.724785,0.288339,63.30232,6.577535000000005,48.0
019de985-8ac4-76d1-830d-8648b5dae856,28,500,2026-05-02T16:28:56.409147Z,0.098283,1.832009,3.473787,6.150672,0.030723,7.982681,1.8320090000000002,6.0
019de985-c790-75b0-bcaf-c299c5466f0a,28,500,2026-05-02T16:29:11.973137Z,0.081072,1.200116,4.866379,6.17592,0.027989,7.376036,1.2001160000000004,6.0
019de986-0860-7900-878c-62e20ff20620,28,500,2026-05-02T16:29:28.563821Z,0.098895,2.017024,4.105891,6.150989,0.028566,8.168013,2.017024,6.75
019de986-4841-71b3-b1f6-d351f6056bff,28,500,2026-05-02T16:29:44.916538Z,0.09747,1.96921,4.110181,6.165325,0.031186,8.134535,1.9692099999999995,6.75
019de986-862c-7cf1-9eff-9d53a8d8bcb9,28,500,2026-05-02T16:30:00.771294Z,0.096179,2.045242,4.191928,6.08904,0.05651,8.134282,2.045242000000001,6.75
019de986-f37e-7ab2-b9cc-cf5b478c89e3,28,500,2026-05-02T16:30:28.755615Z,0.096566,1.223635,5.167446,6.11131,0.028647,7.334945,1.2236350000000007,6.0
019de987-2fde-72c1-8c7c-beed3049e4e1,28,500,2026-05-02T16:30:44.212137Z,0.097384,1.940144,3.447833,6.156381,0.056017,8.096525,1.940144,6.75
019de987-6daf-7713-9f82-35691eb2ecc8,28,500,2026-05-02T16:31:00.039121Z,0.098869,2.056618,4.665566,6.187979,0.028664,8.244597,2.0566180000000003,6.75
019de987-aeb7-7cc3-ab53-a30bdba8bf93,28,500,2026-05-02T16:31:16.682794Z,0.100413,1.952496,3.419487,9.140809,0.037528,11.093305,1.952496,9.0
019de987-f851-7cf2-96ee-bad672088667,28,500,2026-05-02T16:31:35.528751Z,0.105024,1.911545,4.514513,6.066022,0.038272,7.977567,1.9115449999999994,6.0
019de988-3a78-7973-8421-95c209501176,28,500,2026-05-02T16:31:52.464131Z,0.098191,2.006624,4.020687,6.155123,0.029866,8.161747,2.0066240000000004,6.75
019de988-76df-7c43-a279-4bee988a2dc5,28,500,2026-05-02T16:32:07.922131Z,0.097489,1.987383,4.134695,6.109322,0.029752,8.096705,1.9873830000000003,6.75
019de988-b59e-7aa0-9494-4264c3008ac1,28,500,2026-05-02T16:32:23.984951Z,0.099833,2.051394,4.158461,6.077526,0.040857,8.12892,2.051394000000001,6.75
019de988-f1e3-71b0-9e9e-b16c577c3d0f,28,500,2026-05-02T16:32:39.414188Z,0.09856,1.975539,4.137429,6.089744,0.029704,8.065283,1.9755390000000013,6.75
019de989-30bc-7ca2-b12a-7bef44c5b7b6,28,500,2026-05-02T16:32:55.503626Z,0.890087,1.223285,5.303778,6.178336,0.037208,7.401621,1.2232849999999997,6.0
019de989-77c5-79f2-84fc-ae10f3d8d954,28,500,2026-05-02T16:33:13.687490Z,0.098154,1.936078,4.079074,6.18341,0.027938,8.119488,1.9360780000000002,6.75
019de989-b505-7992-9667-f78e88a24360,28,500,2026-05-02T16:33:29.368496Z,0.096959,1.974361,4.154084,6.165239,0.037643,8.1396,1.974361,6.75
019de989-f403-7dd1-89da-23d99baa5759,28,500,2026-05-02T16:33:45.497004Z,0.097734,1.96793,3.941208,6.186907,0.029711,8.154837,1.9679300000000008,6.75
019de98a-310c-7e33-a2e4-dc99cc32490a,28,500,2026-05-02T16:34:01.120560Z,0.098991,1.980205,4.303599,6.156748,0.055749,8.136953,1.9802049999999998,6.75
019de98a-7013-7ca1-ab7d-d787eb6f4fdf,28,500,2026-05-02T16:34:17.256913Z,0.097538,1.97723,4.419188,6.152655,0.029592,8.129885,1.9772299999999996,6.75
019de98a-af67-7fe1-a64b-59756be65c8b,28,500,2026-05-02T16:34:33.467262Z,0.88986,1.200484,5.312501,6.166919,0.036095,7.367403,1.2004840000000003,6.0
019de98a-f4c8-7472-bf31-74b9c8b408ef,28,500,2026-05-02T16:34:51.226124Z,0.100356,1.970495,3.445306,6.16824,0.028039,8.138735,1.9704950000000006,6.75
019de98b-33dc-7c50-ac70-2d88be5b91af,28,500,2026-05-02T16:35:07.376612Z,0.100117,1.225436,5.173505,6.172726,0.037013,7.398162,1.2254360000000002,6.0
019de98b-76f7-7c00-b972-96c1b290b69a,28,500,2026-05-02T16:35:24.554749Z,0.079444,2.028141,4.440071,6.174992,0.028181,8.203133,2.0281409999999997,6.75
019de98b-b9a3-71f2-803c-8c92b018028b,28,500,2026-05-02T16:35:41.624708Z,0.096317,1.957183,3.457513,6.16732,0.030612,8.124503,1.9571830000000006,6.75
019de98b-f887-71b3-ba85-57f5fbcbe21e,28,500,2026-05-02T16:35:57.723783Z,0.100194,1.951134,4.788612,6.131411,0.02728,8.082545,1.9511339999999997,6.75
019de98c-395f-7d92-b065-2acba3dbf34b,28,500,2026-05-02T16:36:14.331691Z,0.083788,1.991787,3.509608,6.174577,0.038937,8.166364,1.9917869999999995,6.75
019de98c-791d-7852-bcd5-dfe5d6a84f46,28,500,2026-05-02T16:36:30.641588Z,0.098452,1.951403,4.027656,6.097634,0.038477,8.049037,1.951403,6.75
019de98c-b5b9-7193-8d70-751edff86530,28,500,2026-05-02T16:36:46.158623Z,0.095992,1.213584,4.075801,6.157985,0.056051,7.371569,1.213584,6.0
019de98c-f4d0-7f90-91e8-2f62dec3af59,28,500,2026-05-02T16:37:02.307884Z,0.09781,1.992387,4.761949,6.180163,0.028885,8.17255,1.992386999999999,6.75
019de98d-35e0-7562-840d-84d0a50d0d12,28,500,2026-05-02T16:37:18.963936Z,0.096457,1.20476,3.629816,6.163036,0.037256,7.367796,1.2047600000000003,6.0
019de98d-7017-71b3-8015-718cb308b560,28,500,2026-05-02T16:37:33.868028Z,0.094052,2.000543,4.04131,6.169589,0.03456,8.170132,2.0005430000000004,6.75
019de98d-af08-7412-9746-19ba7e072b9d,28,500,2026-05-02T16:37:49.980976Z,0.099111,1.931437,4.029417,6.17599,0.035487,8.107427,1.9314369999999998,6.75
019de98d-eb80-78b2-b0c1-2d42194ffa77,28,500,2026-05-02T16:38:05.459201Z,0.095859,1.975587,4.932633,6.164214,0.043489,8.139801,1.975587,6.75
019de98e-302c-74d0-8d5d-34f1a0bd6beb,28,500,2026-05-02T16:38:23.039870Z,0.098931,1.997537,3.484804,6.174004,0.028804,8.171541,1.9975369999999995,6.75
019de98e-6bee-7493-b6af-9a88f4b64bec,28,500,2026-05-02T16:38:38.340612Z,0.100372,1.866989,4.048465,6.156799,0.035837,8.023788,1.8669889999999993,6.75
019de98e-a9a0-7923-b231-48f88c62e96e,28,500,2026-05-02T16:38:54.136188Z,0.924474,1.189849,4.854029,6.103668,0.02869,7.293517,1.1898489999999997,6.0
019de98e-ed38-7651-a944-e8fe668f5290,28,500,2026-05-02T16:39:11.436637Z,0.097912,1.980355,4.67778,6.168818,0.059693,8.149173,1.9803549999999994,6.75
019de98f-309e-7e33-9629-9222d7b0d935,28,500,2026-05-02T16:39:28.689645Z,0.94602,1.20293,4.325398,6.17029,0.036918,7.37322,1.2029300000000003,6.0
019de98f-7443-75c1-b1a9-c4432ba6b9f7,28,500,2026-05-02T16:39:46.005562Z,0.067849,2.001735,4.632127,6.162132,0.036125,8.163867,2.001735,6.75
019de98f-b634-7443-8f69-27ff05189252,28,500,2026-05-02T16:40:02.889419Z,0.783851,1.183046,4.166785,6.106869,0.038731,7.289915,1.183046,6.0
019de98f-f430-72a1-a6a5-637c63f7eeaa,28,500,2026-05-02T16:40:18.757518Z,0.101428,1.952538,4.833599,6.183984,0.036757,8.136522,1.9525379999999997,6.75
019de990-3875-7d92-a909-c8f91608b4df,28,500,2026-05-02T16:40:36.234734Z,0.100713,2.014594,3.39675,6.122638,0.0356,8.137232,2.014593999999999,6.75
019de990-7411-7d62-bbfa-4940da20777c,28,500,2026-05-02T16:40:51.495743Z,0.097585,1.978635,4.680437,6.135453,0.058435,8.114088,1.9786350000000006,6.75
019de990-b8e9-7af2-a83a-66dd0ca124bd,28,500,2026-05-02T16:41:09.116460Z,0.100117,1.238219,4.272321,6.182566,0.027796,7.420785,1.2382190000000008,6.0
019de990-f61f-70e0-a2c3-4a44241c32ec,28,500,2026-05-02T16:41:24.790923Z,0.097135,1.996213,4.751975,6.146419,0.03759,8.142632,1.996213000000001,6.75
019de991-3909-7062-9581-6e0fbf1cf63b,28,500,2026-05-02T16:41:41.919783Z,0.096607,1.223178,3.481076,6.177057,0.039343,7.400235,1.2231780000000008,6.0
019de991-7272-7181-839d-ec69a2270d33,28,500,2026-05-02T16:41:56.614104Z,0.100125,2.033885,4.076813,6.132683,0.029719,8.166568,2.0338849999999997,6.75
019de991-b025-7071-b7e3-beea18f6562c,28,500,2026-05-02T16:42:12.407918Z,0.098781,1.229411,4.788484,6.174207,0.026832,7.403618,1.2294109999999998,6.0
019de991-efec-74e3-bf43-94305250b0fe,28,500,2026-05-02T16:42:28.736431Z,0.101106,1.961341,4.797592,6.061512,0.033498,8.022853,1.961341,6.75
019de992-31bd-7af0-88ef-344a979422cd,28,500,2026-05-02T16:42:45.583867Z,0.103908,2.04189,3.437832,6.19024,0.027447,8.23213,2.0418899999999995,6.75
019de992-7040-7cc3-9039-9314799f006e,28,500,2026-05-02T16:43:01.588829Z,0.099573,2.064667,4.082578,6.159481,0.027059,8.224148,2.064666999999999,6.75
019de992-ad40-79a3-ba54-80acda44e999,28,500,2026-05-02T16:43:17.203179Z,0.080269,1.218469,4.022274,6.126399,0.03412,7.344868,1.2184689999999998,6.0
019de992-e6ef-7811-84bf-289562a9c8eb,28,500,2026-05-02T16:43:31.971872Z,0.099961,1.990914,4.888164,6.162067,0.02694,8.152981,1.990914,6.75
019de993-2ad4-7ca1-8c37-c827a739eaa9,28,500,2026-05-02T16:43:49.350224Z,0.823363,1.225419,4.289824,6.149199,0.027871,7.374618,1.2254189999999996,6.0
019de993-6bbb-7360-b11f-a8b859c6e30e,28,500,2026-05-02T16:44:05.972262Z,0.876735,1.237199,4.951297,6.146275,0.028029,7.383474,1.2371989999999995,6.0
019de993-af1c-7891-897a-7b7f7921aa84,28,500,2026-05-02T16:44:23.214528Z,0.094865,1.241065,4.057268,6.170158,0.026529,7.411223,1.2410649999999999,6.0
019de993-e7d7-7fc2-8fb0-0abd168eb46f,28,500,2026-05-02T16:44:37.739633Z,0.097924,1.983227,4.752694,6.172242,0.059092,8.155469,1.9832270000000003,6.75
019de994-2b36-7122-b1db-ace11ef0ec31,28,500,2026-05-02T16:44:54.984050Z,0.081881,1.992008,3.387591,6.135451,0.025641,8.127459,1.9920080000000002,6.75
019de994-68cf-7e11-9a19-2c026cad3de9,28,500,2026-05-02T16:45:10.757031Z,0.872599,1.220083,5.590695,6.147445,0.0269,7.367528,1.2200829999999998,6.0
019de994-aa9b-7c31-a826-39985343e8b3,28,500,2026-05-02T16:45:27.599592Z,0.882064,1.228828,4.456999,6.171213,0.034402,7.400041,1.228828,6.0
019de994-edf5-7e40-ae2f-a9831aed8c78,28,500,2026-05-02T16:45:44.842773Z,0.10281,2.000928,4.023381,6.17434,0.026553,8.175268,2.000928000000001,6.75
019de995-2a76-70b3-ab2e-1e65c5c83ca5,28,500,2026-05-02T16:46:00.330583Z,0.066605,1.218317,4.882031,6.13793,0.056645,7.356247,1.2183169999999999,6.0
019de995-6939-7003-84e4-4f2609632607,28,500,2026-05-02T16:46:16.396472Z,0.099616,1.214427,4.706142,6.164368,0.036635,7.378795,1.2144270000000006,6.0
019de995-a5ff-7223-a244-3fe80bb59c95,28,500,2026-05-02T16:46:31.954977Z,0.795456,1.192429,4.182814,6.164314,0.035286,7.356743,1.1924289999999997,6.0
019de995-e4d7-7502-af3f-bc5d4c072205,28,500,2026-05-02T16:46:48.047578Z,0.097021,1.988605,4.58402,6.185855,0.028027,8.17446,1.9886049999999997,6.75
019de996-2775-7ad0-aecf-3b11b25a60ef,28,500,2026-05-02T16:47:05.095738Z,0.100702,1.893397,3.457169,6.175308,0.033931,8.068705,1.8933969999999993,6.75
019de996-641e-7a50-93fa-1378d19a7d89,28,500,2026-05-02T16:47:20.627830Z,0.096211,1.210371,4.851844,6.079674,0.035458,7.290045,1.2103710000000003,6.0
019de996-a6b0-7403-8070-7cd41ce33155,28,500,2026-05-02T16:47:37.666424Z,0.097285,1.218811,3.672679,6.172579,0.036138,7.39139,1.2188110000000005,6.0
019de996-de99-7542-be7f-61a5db5910fd,28,500,2026-05-02T16:47:51.979315Z,0.102343,1.985578,4.084002,6.178691,0.035637,8.164269,1.9855780000000012,6.75
019de997-1d28-75a3-b65f-46561af8de7e,28,500,2026-05-02T16:48:07.994398Z,0.098959,1.188233,4.869334,6.179336,0.037376,7.367569,1.1882329999999994,6.0
019de997-5c81-77f3-a342-b42c5afe2bd9,28,500,2026-05-02T16:48:24.212590Z,0.861704,1.198824,5.481541,6.129831,0.035585,7.328655,1.1988240000000001,6.0
019de997-9d4e-7722-808c-41b28c1bc073,28,500,2026-05-02T16:48:40.799358Z,0.097539,1.206373,4.273314,6.179264,0.05894,7.385637,1.2063730000000001,6.0
019de997-dbc1-7233-97d2-159733779e4e,28,500,2026-05-02T16:48:56.787367Z,0.099434,1.939931,4.692174,6.148769,0.036442,8.0887,1.9399309999999996,6.75
019de998-1cb4-7d91-802a-b79e9ed07fe5,28,500,2026-05-02T16:49:13.415945Z,0.101759,2.026159,3.462221,6.17243,0.03718,8.198589,2.026159,6.75
019de998-58ee-7d33-aded-4128070702ea,28,500,2026-05-02T16:49:28.831885Z,0.877601,1.190184,5.587346,6.108998,0.031657,7.299182,1.1901840000000004,6.0
019de998-9b7d-7bf2-aee6-54f674656e28,28,500,2026-05-02T16:49:45.871658Z,0.847422,1.190337,4.359712,6.181627,0.028484,7.371964,1.1903370000000004,6.0
019de998-d829-73d3-b2bb-bff9d779874e,28,500,2026-05-02T16:50:01.406230Z,0.10163,1.966736,4.024871,6.187103,0.036003,8.153839,1.966736,6.75
019de999-169b-7251-8dfe-b9d35394c69c,28,500,2026-05-02T16:50:17.393244Z,0.097751,1.191617,4.068307,6.0972,0.037328,7.288817,1.191617,6.0
019de999-52f9-7150-9fe0-860b7df85ce2,28,500,2026-05-02T16:50:32.844934Z,0.100861,1.22163,4.770976,6.173079,0.029031,7.394709,1.2216299999999993,6.0
019de999-92de-7272-9eb0-93c0c98abf89,28,500,2026-05-02T16:50:49.201971Z,0.099162,1.200757,3.538596,6.151738,0.038019,7.352495,1.2007570000000003,6.0
019de999-cb9d-7f70-953a-87491bdb759b,28,500,2026-05-02T16:51:03.728510Z,0.098491,1.909857,4.090722,6.163951,0.026676,8.073808,1.9098569999999997,6.75
019de99a-07aa-7e01-bd7d-564889c243b3,28,500,2026-05-02T16:51:19.106669Z,0.098417,2.074888,4.252268,6.189616,0.055065,8.264504,2.0748880000000005,6.75
019de99a-4afb-7731-b946-bec74121e151,28,500,2026-05-02T16:51:36.335217Z,0.096848,1.229009,5.664704,6.172481,0.034124,7.40149,1.2290089999999996,6.0
019de99a-8e69-7700-8ae4-c34ec9191e88,28,500,2026-05-02T16:51:53.596598Z,0.095337,1.25385,4.386395,6.134647,0.113184,7.388497,1.25385,6.0
019de99a-cc5f-70d1-a1ea-a5b4a4a78195,28,500,2026-05-02T16:52:09.458136Z,0.098853,2.007683,4.091585,6.167055,0.034087,8.174738,2.007682999999999,6.75
019de99b-08d3-72d0-b093-79ee8c3fab4f,28,500,2026-05-02T16:52:24.933424Z,0.873394,1.248596,4.879689,6.152719,0.028763,7.401315,1.248596,6.0
019de99b-4d34-73a0-85d6-a64c8e27c32d,28,500,2026-05-02T16:52:42.440772Z,0.833428,1.244613,4.870781,6.132298,0.05512,7.376911,1.2446130000000002,6.0
019de99b-8f7a-7500-986f-3e3b276ccbde,28,500,2026-05-02T16:52:59.403985Z,0.095917,1.938449,4.79305,6.171397,0.032353,8.109846,1.9384489999999994,6.75
019de99b-cfa2-7dc3-99b8-bbbff41cef17,28,500,2026-05-02T16:53:15.831629Z,0.096541,2.045594,4.322228,6.149185,0.035241,8.194779,2.0455940000000004,6.75
019de99c-30f9-7273-adf5-b5bf5a5a8215,273,500,2026-05-02T16:53:40.851397Z,1.411519,6.691914,4.823598,56.729569,0.282838,63.421483,6.691914000000004,48.0
019de9ab-e240-70a0-9f13-1d7edad76c51,28,500,2026-05-02T17:10:49.170594Z,0.092341,1.283393,3.994887,6.139171,0.037569,7.422564,1.2833930000000002,6.0
019de9ac-239c-7ca0-b2d0-476e0bf54bf2,28,500,2026-05-02T17:11:05.904003Z,0.100099,1.242215,5.496243,6.191863,0.036967,7.434078,1.2422150000000007,6.0
019de9ac-68ee-7540-a530-fcae1cb605e9,28,500,2026-05-02T17:11:23.648043Z,0.097871,1.913451,4.020933,6.151314,0.027645,8.064765,1.9134509999999993,6.75
019de9ac-a727-7281-802d-63a5528de3aa,28,500,2026-05-02T17:11:39.576658Z,0.084225,1.207154,4.300104,6.161939,0.035576,7.369093,1.207154,6.0
019de9ac-e489-7603-8108-6c5fc7464f95,28,500,2026-05-02T17:11:55.343129Z,0.098512,1.245329,5.687617,6.10951,0.028167,7.354839,1.245329,6.0
019de9ad-26c2-77e3-84bf-3464ead969bc,28,500,2026-05-02T17:12:12.246776Z,0.096536,1.227868,4.237886,6.178988,0.033992,7.406856,1.227868,6.0
019de9ad-69f6-7e23-9392-6b406944773d,28,500,2026-05-02T17:12:29.449901Z,0.096639,2.025842,4.102461,6.138087,0.03953,8.163929,2.025842,6.75
019de9ad-a8ae-7c91-b679-6b4729fc6b4d,28,500,2026-05-02T17:12:45.508024Z,0.084354,2.104519,4.072565,6.139334,0.029642,8.243853,2.104519,6.75
019de9ad-e841-7881-b178-346b2f8a91b0,28,500,2026-05-02T17:13:01.784432Z,0.871786,1.199717,5.656235,6.159706,0.03539,7.359423,1.1997169999999997,6.0
019de9ae-3250-75c1-b1a4-7b57e72783f5,28,500,2026-05-02T17:13:20.741637Z,0.09906,1.230443,4.31572,6.128021,0.037201,7.358464,1.2304429999999993,6.0
019de9ae-6eb9-76e0-a513-b03d42170fb4,28,500,2026-05-02T17:13:36.207665Z,0.099469,2.060886,4.662109,6.181617,0.033686,8.242503,2.060885999999999,6.75
019de9ae-b2da-7592-917b-94a22d58fe1b,28,500,2026-05-02T17:13:53.646272Z,0.853272,1.214847,4.239888,6.099551,0.035041,7.314398,1.2148469999999998,6.0
019de9ae-f0df-7311-8d44-9dc3dd1c4894,28,500,2026-05-02T17:14:09.521803Z,0.097403,1.23542,4.673204,6.165161,0.033216,7.400581,1.2354199999999995,6.0
019de9af-308c-7dd3-b93f-f7c013a48c15,28,500,2026-05-02T17:14:25.822629Z,0.098232,1.245575,3.43987,6.162086,0.035001,7.407661,1.2455749999999997,6.0
019de9af-6c7b-72b2-8615-690d0a1f7d4b,28,500,2026-05-02T17:14:41.164052Z,0.099667,2.025404,4.803606,6.172751,0.035344,8.198155,2.025404,6.75
019de9af-afee-75f1-b0dc-5a0f09ee3dad,28,500,2026-05-02T17:14:58.434923Z,0.096588,2.016437,3.548243,6.10074,0.028163,8.117177,2.016437,6.75
019de9af-f104-77b1-8949-9b0aeb2e09d3,28,500,2026-05-02T17:15:15.097330Z,0.097129,1.221692,5.017809,6.171762,0.03732,7.393454,1.221692,6.0
019de9b0-2ebd-7cd0-998e-cb87fe07420c,28,500,2026-05-02T17:15:30.896488Z,0.09884,1.230032,4.02228,6.167477,0.034441,7.397509,1.2300320000000005,6.0
019de9b0-6e9c-7840-9f16-14f04f7479c8,28,500,2026-05-02T17:15:47.245064Z,0.066248,2.021785,4.815404,6.1535,0.036878,8.175285,2.0217850000000004,6.75
019de9b0-b362-7a11-9f8f-92042b2f1a03,28,500,2026-05-02T17:16:04.854673Z,0.080857,1.200433,3.496531,6.180039,0.035866,7.380472,1.2004330000000003,6.0
019de9b0-ec11-71a1-8d66-dcc543ac9f4a,28,500,2026-05-02T17:16:19.361350Z,0.865658,1.215865,4.936344,6.157082,0.037532,7.372947,1.215865,6.0
019de9b1-3037-7d03-8696-14a02941c059,28,500,2026-05-02T17:16:36.808658Z,0.810254,1.204266,4.866052,6.160399,0.029037,7.364665,1.2042659999999996,6.0
019de9b1-743b-7a02-9ade-b542ebf444b9,28,500,2026-05-02T17:16:54.220567Z,0.101312,1.976198,4.710121,6.140884,0.029966,8.117082,1.9761980000000001,6.75
019de9b1-b93b-7303-b9da-f7800b231e81,28,500,2026-05-02T17:17:11.885402Z,0.095332,2.010178,3.988223,6.122678,0.030469,8.132856,2.0101780000000007,6.75
019de9b1-f834-74d2-977a-1825d7a8d42f,28,500,2026-05-02T17:17:28.005288Z,0.095737,1.192737,4.394834,6.176361,0.061436,7.369098,1.1927370000000002,6.0
019de9b2-361f-7162-8b1a-e9e05378e8cc,28,500,2026-05-02T17:17:43.857716Z,0.883842,1.210831,5.097775,6.101518,0.057444,7.312349,1.2108309999999998,6.0
019de9b2-7a7a-7180-8e1d-24391e8f8c86,28,500,2026-05-02T17:18:01.360109Z,0.097976,2.021395,4.585951,6.162895,0.028338,8.18429,2.021395000000001,6.75
019de9b2-bc6b-7160-853d-85e549c7b308,28,500,2026-05-02T17:18:18.238953Z,0.857554,1.201492,4.394261,6.175741,0.056355,7.377233,1.201492,6.0
019de9b2-fcc1-78a3-bc48-a63781aee218,28,500,2026-05-02T17:18:34.710992Z,0.098327,1.224205,4.589638,6.165169,0.037335,7.389374,1.2242050000000004,6.0
019de9b3-3b13-7f23-b7e7-ee76f386949d,28,500,2026-05-02T17:18:50.663784Z,0.097586,1.223483,4.17859,6.110729,0.037235,7.334212,1.2234829999999999,6.0
019de9b3-77b7-7cb1-8136-35e803a3472e,28,500,2026-05-02T17:19:06.188908Z,0.839698,1.207288,5.043896,6.106758,0.029115,7.314046,1.2072880000000001,6.0
019de9b3-bd31-7163-b7b1-c1d28f3bac76,28,500,2026-05-02T17:19:23.970946Z,0.099892,1.99126,4.194995,6.163853,0.037636,8.155113,1.9912600000000005,6.75
019de9b3-fb29-79a0-9b73-7c190fca16d8,28,500,2026-05-02T17:19:39.834496Z,0.853572,1.192212,5.345646,6.174497,0.03657,7.366709,1.1922120000000005,6.0
019de9b4-3ecb-7412-aa36-1309c23dca40,28,500,2026-05-02T17:19:57.148408Z,0.062655,1.205882,3.584496,6.167119,0.030047,7.373001,1.2058820000000008,6.0
019de9b4-7b62-7840-96f0-22a9aa1fb923,28,500,2026-05-02T17:20:12.661038Z,0.100877,2.009858,4.620847,6.174375,0.038571,8.184233,2.0098580000000004,6.75
019de9b4-babb-76e3-b948-6b44f378e86f,28,500,2026-05-02T17:20:28.878732Z,0.096836,1.211462,4.074815,6.183914,0.039139,7.395376,1.211462,6.0
019de9b4-fa7f-74e1-9bba-e593b84f98d8,28,500,2026-05-02T17:20:45.201623Z,0.857564,1.208689,5.108843,6.164633,0.029438,7.373322,1.2086889999999997,6.0
019de9b5-3e98-7a43-8559-bee6d5237504,28,500,2026-05-02T17:21:02.636767Z,0.791021,1.206076,4.99549,6.108484,0.038915,7.31456,1.2060760000000004,6.0
019de9b5-8292-7b53-b2af-ad0d8c8adc6c,28,500,2026-05-02T17:21:20.036898Z,0.099556,1.231819,5.395236,6.160961,0.029255,7.39278,1.2318189999999998,6.0
019de9b5-c4be-7f82-ba8a-7655b91e4f85,28,500,2026-05-02T17:21:36.977831Z,0.096389,1.910224,3.537714,6.152133,0.036463,8.062357,1.9102240000000004,6.75
019de9b6-056c-78a1-8a91-319f7ff20c35,28,500,2026-05-02T17:21:53.534923Z,0.062079,1.188232,5.672379,6.072115,0.030521,7.260347,1.1882320000000002,6.0
019de9b6-4946-75c3-b530-6b2e2cc6b708,28,500,2026-05-02T17:22:10.903866Z,0.912612,1.204203,4.316964,6.158983,0.038585,7.363186,1.2042029999999997,6.0
019de9b6-870c-7430-aa2b-af0a93992c1a,28,500,2026-05-02T17:22:26.718477Z,0.099074,2.01534,4.285582,6.164222,0.028963,8.179562,2.015340000000001,6.75
019de9b6-c760-7022-ba87-bc1efe9f2a7a,28,500,2026-05-02T17:22:43.187478Z,0.845198,1.201586,5.282626,6.115693,0.027719,7.317279,1.2015859999999998,6.0
019de9b7-0a95-7742-b9fd-e9dd0d1ed252,28,500,2026-05-02T17:23:00.395029Z,0.100114,1.231259,4.33083,6.163954,0.029605,7.395213,1.2312589999999997,6.0
019de9b7-4b85-7863-985c-543fc8321a87,28,500,2026-05-02T17:23:17.018078Z,0.101522,1.225719,4.775941,6.158773,0.059074,7.384492,1.2257189999999998,6.0
019de9b7-8a64-7d20-975c-fbc3a0a9be84,28,500,2026-05-02T17:23:33.119171Z,0.07851,1.231155,3.517177,6.163215,0.035494,7.39437,1.2311550000000002,6.0
019de9b7-c175-75e1-9b3b-3fa771c3ffdc,28,500,2026-05-02T17:23:47.208840Z,0.098223,2.077916,4.086738,6.175861,0.039247,8.253777,2.077915999999999,6.75
019de9b8-02a9-7672-8e5f-0ca905072c4d,28,500,2026-05-02T17:24:03.901324Z,0.096778,1.242086,4.942326,6.034182,0.028126,7.276268,1.2420859999999996,6.0
019de9b8-4119-7780-8f3e-2089000e1b03,28,500,2026-05-02T17:24:19.899535Z,0.100488,1.228945,4.75446,6.167949,0.035298,7.396894,1.2289449999999995,6.0
019de9b8-80d2-7563-8747-387cd44503cb,28,500,2026-05-02T17:24:36.194454Z,0.820796,1.222576,4.348955,6.170408,0.027324,7.392984,1.222576,6.0
019de9b8-c26c-78f1-85c0-e813a1af85d0,28,500,2026-05-02T17:24:52.990802Z,0.098614,1.230614,4.072354,6.167365,0.028102,7.397979,1.230614,6.0
019de9b8-ff76-7d41-9bab-28f76548ab9e,28,500,2026-05-02T17:25:08.620581Z,0.097776,1.235288,4.052595,6.099211,0.035236,7.334499,1.2352879999999997,6.0
019de9b9-3eb3-7433-a51d-21fad4c8bc1c,28,500,2026-05-02T17:25:24.810342Z,0.799371,1.210201,4.896798,6.178624,0.029402,7.388825,1.2102009999999996,6.0
019de9b9-81ae-74d2-87b3-0be5c3708199,28,500,2026-05-02T17:25:41.955700Z,0.850099,1.247705,4.91055,6.174909,0.037028,7.422614,1.2477049999999998,6.0
019de9b9-c649-7e81-bb0d-45da5897ddb7,28,500,2026-05-02T17:25:59.513128Z,0.098603,2.105107,4.862325,6.182089,0.034362,8.287196,2.1051069999999994,6.75
019de9ba-082d-7490-9d26-4b25f2fa05a7,28,500,2026-05-02T17:26:16.385050Z,0.096323,1.232419,4.47381,6.170017,0.035437,7.402436,1.2324190000000002,6.0
019de9ba-4716-7973-a20b-7166636195ee,28,500,2026-05-02T17:26:32.488326Z,0.877925,1.241165,4.920989,6.171475,0.038551,7.41264,1.2411649999999996,6.0
019de9ba-8a27-7cf3-84af-cb3cf03002a2,28,500,2026-05-02T17:26:49.657666Z,0.096379,1.276555,4.890591,6.144906,0.059602,7.421461,1.276555,6.0
019de9ba-ca99-7dc2-a612-aa32fe1461ff,28,500,2026-05-02T17:27:06.158238Z,0.828096,1.242581,5.668688,6.130366,0.033515,7.372947,1.2425809999999995,6.0
019de9bb-0f8d-7c10-9d8d-1e00b1f943c3,28,500,2026-05-02T17:27:23.806916Z,0.869043,1.251775,4.33718,6.171469,0.041048,7.423244,1.2517750000000003,6.0
019de9bb-4dd0-73e3-93d3-bb124ee28b9b,28,500,2026-05-02T17:27:39.745088Z,0.097547,1.255565,4.852215,6.172441,0.033695,7.428006,1.2555649999999998,6.0
019de9bb-8e27-7b61-bbc7-f3d4a7407593,28,500,2026-05-02T17:27:56.215686Z,0.09544,1.243209,3.466658,6.172761,0.036983,7.41597,1.2432089999999993,6.0
019de9bb-c7b0-7fe1-8ad3-e8d22f7702e6,28,500,2026-05-02T17:28:10.944390Z,0.061958,2.025538,4.724152,6.181609,0.03059,8.207147,2.025538000000001,6.75
019de9bc-0c10-7ff1-a2fc-afaf3f0a8f22,28,500,2026-05-02T17:28:28.449853Z,0.09571,1.191338,3.463627,6.176746,0.039389,7.368084,1.191338,6.0
019de9bc-451c-7170-b6b3-04597421248c,28,500,2026-05-02T17:28:43.056592Z,0.096972,1.223357,4.035645,6.17941,0.027891,7.402767,1.223357,6.0
019de9bc-8028-78a0-9cb9-4eecf1463014,28,500,2026-05-02T17:28:58.169982Z,0.098296,1.219706,4.072591,6.173088,0.039459,7.392794,1.2197060000000004,6.0
019de9bc-c0c6-7ab1-b45b-2da260884196,28,500,2026-05-02T17:29:14.712162Z,0.099057,1.212112,4.758382,6.172708,0.029551,7.38482,1.2121120000000003,6.0
019de9bc-fe3d-7ae0-9836-4555f02c95d3,28,500,2026-05-02T17:29:30.449073Z,0.098949,1.215067,3.532793,6.177385,0.036153,7.392452,1.2150669999999995,6.0
019de9bd-389e-7332-828f-d464fbf6db32,28,500,2026-05-02T17:29:45.391487Z,0.776217,1.192066,4.840574,6.170194,0.037574,7.36226,1.1920659999999996,6.0
019de9bd-7c57-77d1-ba15-210ccc7bc18e,28,500,2026-05-02T17:30:02.739700Z,0.825499,1.194672,4.948667,6.168258,0.02921,7.36293,1.1946720000000006,6.0
019de9bd-bbf8-7c40-bc31-9025654f7fc8,28,500,2026-05-02T17:30:19.022937Z,0.095505,2.022026,5.00747,6.065501,0.040881,8.087527,2.0220259999999994,6.75
019de9be-004f-72d0-892a-1c28e5d97eeb,28,500,2026-05-02T17:30:36.515229Z,0.875068,1.213219,4.462031,6.152988,0.036266,7.366207,1.2132190000000005,6.0
019de9be-42ac-7323-9b17-c14ecd771153,28,500,2026-05-02T17:30:53.506293Z,0.869052,1.221907,4.983314,6.17369,0.035882,7.395597,1.2219070000000007,6.0
019de9be-87ea-70b2-b3af-b88389eec957,28,500,2026-05-02T17:31:11.228971Z,0.82425,1.258026,4.875201,9.14719,0.034742,10.405216,1.2580259999999992,8.25
019de9be-d418-75c3-a209-f6f0124f592f,28,500,2026-05-02T17:31:30.731312Z,0.845087,1.216634,5.713524,6.160916,0.034283,7.37755,1.216634,6.0
019de9bf-1878-7271-b465-a50daf96c55b,28,500,2026-05-02T17:31:48.238961Z,0.849733,1.234191,4.922316,6.189556,0.035635,7.423747,1.234191,6.0
019de9bf-5bb0-7323-8ed6-2a71c85fff70,28,500,2026-05-02T17:32:05.444965Z,0.097665,1.23507,5.102325,6.187492,0.02696,7.422562,1.2350700000000003,6.0
019de9bf-98fb-7153-8dbb-e6e5b161f834,28,500,2026-05-02T17:32:21.133697Z,0.098128,1.238691,4.95619,6.178513,0.035984,7.417204,1.2386910000000002,6.0
019de9bf-dc6e-7ac0-bc20-d49f79a93ff5,28,500,2026-05-02T17:32:38.401199Z,0.099717,2.058146,4.131286,6.173617,0.037195,8.231763,2.0581460000000007,6.75
019de9c0-1a50-7f03-bd5f-698e730f2abb,28,500,2026-05-02T17:32:54.246354Z,0.100161,1.246775,5.021674,6.164119,0.036239,7.410894,1.2467749999999995,6.0
019de9c0-5acb-7e10-9480-ca60b17558f4,28,500,2026-05-02T17:33:10.748991Z,0.10052,1.224155,5.00618,6.174035,0.036313,7.39819,1.2241549999999997,6.0
019de9c0-99bf-70b3-a333-1f756d70e29c,28,500,2026-05-02T17:33:26.866588Z,0.099917,1.226509,4.978422,6.134729,0.027349,7.361238,1.226509,6.0
019de9c0-d72f-7872-ac17-919f7beafd59,28,500,2026-05-02T17:33:42.594692Z,0.09418,1.216539,5.334638,6.139563,0.035623,7.356102,1.216539,6.0
019de9c1-1b87-70f3-bafb-b3887d3bd6f2,28,500,2026-05-02T17:34:00.092258Z,0.098373,1.2303,4.337372,6.172146,0.026752,7.402446,1.2303000000000006,6.0
019de9c1-5aee-7900-8205-fa09ec2192d2,28,500,2026-05-02T17:34:16.322554Z,0.09904,1.234221,5.175935,6.164685,0.037136,7.398906,1.2342209999999998,6.0
019de9c1-9e48-7dc0-ba59-20724e2ef896,28,500,2026-05-02T17:34:33.565038Z,0.083009,1.216001,5.204677,6.173335,0.036665,7.389336,1.2160010000000003,6.0
019de9c1-dd33-7932-8cbc-f67d1a5bffdc,28,500,2026-05-02T17:34:49.670071Z,0.096595,2.034562,3.54043,6.147167,0.055778,8.181729,2.034562000000001,6.75
019de9c2-1ae1-78e1-846f-7202aec3e149,28,500,2026-05-02T17:35:05.461800Z,0.098604,1.215525,3.970679,6.15949,0.035083,7.375015,1.2155250000000004,6.0
019de9c2-5742-78f1-be3b-15fbb7d2fca3,28,500,2026-05-02T17:35:20.916377Z,0.096015,1.242242,4.343624,6.161135,0.054862,7.403377,1.242242,6.0
019de9c2-b801-7e02-9e2a-41ba7ccd30a1,273,500,2026-05-02T17:35:45.837915Z,0.618901,6.636689,4.825144,56.74337,0.28471,63.380059,6.636689000000004,48.0
